{"name":"1c2ac284-941e-4852-9ef9-3a133fd6d47e","id":"/providers/Microsoft.Flow/flows/1c2ac284-941e-4852-9ef9-3a133fd6d47e","type":"Microsoft.Flow/flows","properties":{"apiId":"/providers/Microsoft.PowerApps/apis/shared_logicflows","displayName":"Translate Dictionary","definition":{"metadata":{"workflowEntityId":null,"processAdvisorMetadata":null,"flowclientsuspensionreason":"None","flowclientsuspensiontime":null,"creator":{"id":"ec67f9dc-899b-481f-b805-8166783e1ae2","type":"User","tenantId":"72f988bf-86f1-41af-91ab-2d7cd011db47"},"provisioningMethod":"FromDefinition","failureAlertSubscription":true,"clientLastModifiedTime":"2022-01-31T18:47:58.3627675Z"},"$schema":"https://schema.management.azure.com/providers/Microsoft.Logic/schemas/2016-06-01/workflowdefinition.json#","contentVersion":"1.0.0.0","parameters":{"$authentication":{"defaultValue":{},"type":"SecureObject"}},"triggers":{"manual":{"metadata":{"operationMetadataId":"c56d067f-956f-41d8-88f9-2c5e6b2b24b7"},"type":"Request","kind":"Button","inputs":{"schema":{"type":"object","properties":{},"required":[]}}}},"actions":{"Dictionary":{"runAfter":{},"metadata":{"operationMetadataId":"df440f30-0e1d-4e79-b56e-ef0e1f2c84f1"},"type":"Compose","inputs":{"Monday":"hétfő","Tuesday":"kedd","Wednesday":"szerda","Thursday":"csütörtök","Friday":"péntek","Saturday":"szombat","Sunday":"vasárnap","January":"Január","February":"Február","March":"Március","April":"Április","May":"Május","June":"Június","July":"Július","August":"Augusztus","September":"Szeptember","October":"Október","November":"November","December":"December"}},"Compose_2":{"runAfter":{"Dictionary":["Succeeded"]},"metadata":{"operationMetadataId":"4626afb3-5916-4112-b84b-4cf0613cc525"},"type":"Compose","inputs":"Sziasztok, ma @{\r\noutputs('Dictionary')?[formatDateTime(utcNow(), 'dddd')]} van. @{concat(formatDateTime(utcNow(),'yyyy'),'. ', toLower(outputs('Dictionary')?[formatDateTime(utcNow(), 'MMMM')]), ' ', formatDateTime(utcNow(), 'dd'), '. napja.')}","description":"concat(formatDateTime(utcNow(),'yyyy'),'. ', toLower(outputs('Dictionary')?[formatDateTime(utcNow(), 'MMMM')]), ' ', formatDateTime(utcNow(), 'dd'), '. napja.')"}}},"connectionReferences":{},"flowFailureAlertSubscribed":false}}